[
	{
		"id":"G001",
		"imgurl":"../img/1.jpg",
		"p1":"津率享红华宁香平衡液 150ml",
		"p2":"￥120"
	},
	{
		"id":"G002",
		"imgurl":"../img/2.jpg",
		"p1":"津率享红华宁香平衡液 150ml",
		"p2":"￥120"
	},
	{
		"id":"G003",
		"imgurl":"../img/3.jpg",
		"p1":"津率享红华宁香平衡液 150ml",
		"p2":"￥120"
	},
	{
		"id":"G004",
		"imgurl":"../img/4.jpg",
		"p1":"津率享红华宁香平衡液 150ml",
		"p2":"￥120"
	},
	{
		"id":"G005",
		"imgurl":"../img/5.jpg",
		"p1":"津率享红华宁香平衡液 150ml",
		"p2":"￥120"
	},
	{
		"id":"G006",
		"imgurl":"../img/6.jpg",
		"p1":"津率享红华宁香平衡液 150ml",
		"p2":"￥120"
	},
	{
		"id":"G007",
		"imgurl":"../img/7.jpg",
		"p1":"津率享红华宁香平衡液 150ml",
		"p2":"￥120"
	},
	{
		"id":"G008",
		"imgurl":"../img/8.jpg",
		"p1":"津率享红华宁香平衡液 150ml",
		"p2":"￥120"
	},
	{
		"id":"G009",
		"imgurl":"../img/9.jpg",
		"p1":"津率享红华宁香平衡液 150ml",
		"p2":"￥120"
	},
	{
		"id":"G0010",
		"imgurl":"../img/10.jpg",
		"p1":"津率享红华宁香平衡液 150ml",
		"p2":"￥120"
	},
	{
		"id":"G0011",
		"imgurl":"../img/11.jpg",
		"p1":"津率享红华宁香平衡液 150ml",
		"p2":"￥120"
	}	
]